0,0.10643,0.013062
0.1,0.11285,0.013172
0.2,0.11932,0.013352
0.3,0.12527,0.014023
0.4,0.13081,0.014837
0.5,0.13591,0.015943
0.6,0.14037,0.018313
0.7,0.14389,0.020041
0.8,0.14635,0.021122
0.9,0.14834,0.022439
1,0.15049,0.025726
1.1,0.15207,0.02871
1.2,0.15333,0.032279
1.3,0.1542,0.035925
1.4,0.15455,0.040793
1.5,0.15524,0.046066
1.6,0.15653,0.050711
1.7,0.15798,0.055146
1.8,0.15932,0.059147
1.9,0.15968,0.063755
2,0.15961,0.068116
2.1,0.15904,0.072408
2.2,0.15741,0.077072
2.3,0.15505,0.081812
2.4,0.15191,0.086388
2.5,0.14809,0.091065
2.6,0.14348,0.095522
2.7,0.13857,0.099015
2.8,0.13259,0.10381
2.9,0.12598,0.10876
3,0.1191,0.11346
3.1,0.11049,0.11833
3.2,0.10047,0.12345
3.3,0.08944,0.12792
3.4,0.077774,0.13153
3.5,0.066177,0.13639
3.6,0.055303,0.14057
3.7,0.047556,0.14392
3.8,0.042698,0.1468
3.9,0.03809,0.14904
4,0.03262,0.15203
4.1,0.026698,0.15516
4.2,0.021351,0.15864
4.3,0.016192,0.16052
4.4,0.0106,0.16497
4.5,0.0074173,0.16935
4.6,0.0030388,0.17295
4.7,-0.0012077,0.17657
4.8,-0.0051239,0.18004
4.9,-0.0081552,0.18362
5,-0.011026,0.18679
5.1,-0.014081,0.1898
5.2,-0.016868,0.19203
5.3,-0.018644,0.19358
5.4,-0.020006,0.19442
5.5,-0.020433,0.19525
5.6,-0.02052,0.19542
5.7,-0.021241,0.19545
5.8,-0.021248,0.19586
5.9,-0.020253,0.19594
6,-0.019517,0.19471
6.1,-0.019262,0.19201
6.2,-0.017897,0.19133
6.3,-0.015606,0.19265
6.4,-0.013344,0.19538
6.5,-0.011102,0.19609
6.6,-0.0084061,0.19569
6.7,-0.0046146,0.19465
6.8,-0.00083317,0.19317
6.9,0.0032244,0.19099
7,0.0067845,0.18829
7.1,0.0092316,0.18748
7.2,0.011558,0.18672
7.3,0.013187,0.18653
7.4,0.014558,0.18681
7.5,0.015796,0.18693
7.6,0.016809,0.18717
7.7,0.018287,0.1843
7.8,0.019632,0.18505
7.9,0.021592,0.18663
8,0.023873,0.18878
8.1,0.025537,0.18948
8.2,0.027687,0.19064
8.3,0.030006,0.1914
8.4,0.03229,0.19251
8.5,0.035018,0.19256
8.6,0.037038,0.19206
8.7,0.037916,0.19227
8.8,0.038,0.19304
8.9,0.036805,0.1946
9,0.034909,0.19567
9.1,0.032121,0.1959
9.2,0.028798,0.19616
9.3,0.025673,0.19632
9.4,0.022463,0.19651
9.5,0.019475,0.19692
9.6,0.016186,0.19726
9.7,0.012795,0.19674
9.8,0.0093966,0.19901
9.9,0.0060775,0.19945
10,0.0028888,0.20047
10.1,-0.00098322,0.20075
10.2,-0.0037763,0.20054
10.3,-0.0056047,0.19993
10.4,-0.0064312,0.19967
10.5,-0.0065525,0.20003
10.6,-0.0069439,0.19859
10.7,-0.0070118,0.19821
10.8,-0.0078238,0.19739
10.9,-0.0087376,0.1979
11,-0.0095813,0.19804
11.1,-0.010617,0.19811
11.2,-0.011785,0.19761
11.3,-0.01315,0.19642
11.4,-0.013386,0.19958
11.5,-0.013505,0.19974
11.6,-0.013503,0.1999
11.7,-0.013171,0.20076
11.8,-0.012607,0.20125
11.9,-0.011826,0.20242
12,-0.010826,0.20279
12.1,-0.0093829,0.20357
12.2,-0.0079906,0.20453
12.3,-0.0067378,0.2054
12.4,-0.0054193,0.20628
12.5,-0.0035319,0.20755
12.6,-0.0020577,0.20842
12.7,-0.00078242,0.20885
12.8,0.0013337,0.20928
12.9,0.0040526,0.2092
13,0.0073625,0.20866
13.1,0.010908,0.20818
13.2,0.014877,0.20792
13.3,0.018965,0.20663
13.4,0.02285,0.20548
13.5,0.026293,0.20437
13.6,0.02962,0.20381
13.7,0.032995,0.20329
13.8,0.03691,0.20324
13.9,0.040428,0.20271
14,0.044022,0.2031
14.1,0.047349,0.2043
14.2,0.050869,0.20553
14.3,0.053718,0.20761
14.4,0.057173,0.20944
14.5,0.06108,0.21002
14.6,0.064541,0.20941
14.7,0.067657,0.20753
14.8,0.067193,0.20727
14.9,0.069933,0.20459
15,0.071176,0.20146
15.1,0.073858,0.19801
15.2,0.076869,0.19536
15.3,0.079603,0.19319
15.4,0.081645,0.19113
15.5,0.083905,0.18845
15.6,0.086129,0.18544
15.7,0.088946,0.18186
15.8,0.091212,0.17778
15.9,0.093542,0.17382
16,0.097448,0.16895
16.1,0.10161,0.16304
16.2,0.10578,0.15742
16.3,0.10883,0.15117
16.4,0.11185,0.14428
16.5,0.11471,0.13783
16.6,0.11733,0.13195
16.7,0.1221,0.12481
16.8,0.12591,0.1189
16.9,0.12909,0.11076
17,0.13174,0.10317
17.1,0.13456,0.094768
17.2,0.13833,0.086071
17.3,0.14162,0.077389
17.4,0.14429,0.069235
17.5,0.1465,0.062017
17.6,0.14927,0.05562
17.7,0.15289,0.050109
17.8,0.15573,0.043737
17.9,0.15808,0.037381
18,0.15973,0.029275
18.1,0.16019,0.021223
18.2,0.16026,0.013366
18.3,0.15991,0.0066681
18.4,0.15913,0.0013175
18.5,0.15968,-0.0047508
18.6,0.15939,-0.010216
18.7,0.15909,-0.014647
18.8,0.15907,-0.018785
18.9,0.15828,-0.022511
19,0.15752,-0.026498
19.1,0.15669,-0.029377
19.2,0.15512,-0.031695
19.3,0.15405,-0.03378
19.4,0.15326,-0.035178
19.5,0.15252,-0.036351
19.6,0.15134,-0.037383
19.7,0.15081,-0.037786
19.8,0.151,-0.037612
19.9,0.15089,-0.037343
20,0.15109,-0.036463
20.1,0.15123,-0.035071
20.2,0.15152,-0.032891
20.3,0.15104,-0.029913
20.4,0.15288,-0.025992
20.5,0.1535,-0.022163
20.6,0.15414,-0.017905
20.7,0.15507,-0.012786
20.8,0.15573,-0.0072435
20.9,0.15551,-0.0015841
21,0.15557,0.0045872
21.1,0.15614,0.010372
21.2,0.15646,0.015063
21.3,0.15713,0.019073
21.4,0.15825,0.02264
21.5,0.15899,0.025713
21.6,0.15914,0.028888
21.7,0.15915,0.032891
21.8,0.15882,0.037829
21.9,0.16222,0.043384
22,0.16175,0.048757
22.1,0.16461,0.054528
22.2,0.16697,0.060388
22.3,0.16902,0.065094
22.4,0.17042,0.068859
22.5,0.17345,0.07191
22.6,0.17712,0.074527
22.7,0.18003,0.07685
22.8,0.18263,0.079636
22.9,0.18561,0.082464
23,0.18809,0.084143
23.1,0.18896,0.085139
23.2,0.18968,0.085962
23.3,0.19045,0.086461
23.4,0.19257,0.086776
23.5,0.19434,0.087256
23.6,0.19944,0.083359
23.7,0.20415,0.078302
23.8,0.20622,0.07394
23.9,0.20863,0.069232
24,0.21052,0.06488
24.1,0.21257,0.0604
24.2,0.2137,0.055606
24.3,0.21329,0.051842
24.4,0.21255,0.048459
24.5,0.21181,0.044657
24.6,0.21085,0.040011
24.7,0.20862,0.034537
24.8,0.20492,0.028261
24.9,0.20069,0.021685
25,0.1962,0.01563
25.1,0.19151,0.010628
25.2,0.18737,0.0063202
25.3,0.18325,0.0023356
25.4,0.17934,-0.0012225
25.5,0.17613,-0.0043019
25.6,0.17084,-0.0079586
25.7,0.16612,-0.011163
25.8,0.1612,-0.014278
25.9,0.15562,-0.017437
26,0.15038,-0.020122
26.1,0.14481,-0.022738
26.2,0.13898,-0.025079
26.3,0.13339,-0.027269
26.4,0.12737,-0.02922
26.5,0.12132,-0.031149
26.6,0.115,-0.032842
26.7,0.10884,-0.034305
26.8,0.10262,-0.035747
26.9,0.0961,-0.036939
27,0.08998,-0.037721
